tree	status	source	sha256_preserved_block	sha256_file	path	title
Memory	current	PROJECT_MEMORY.md	871ada6fbd9fe208889bb3c9f39bd2fa50e728856df8ac307a65969d0d08c3fc	67ff6d523cfeeb325607cd1daba2d0c02c85d11daba7d54013bb4a0e5565018b	Companion/Memory/Current/001-proactive-notifications-deterministic-reachout.md	Proactive Notifications (Deterministic Reachout) — triggers, dedup, what v1.1.0 replaced
Memory	current	PROJECT_MEMORY.md	49ae6ac21eaf329d76bdea3c233a69b4c37574256bdf7e91b9fb5765c3a99343	e3beaff1804a64d59d4377d2a8dcb1de264d01871a039089d42e0a377e19f5e7	Companion/Memory/Current/002-caret-dead-zone-before-quote-separator.md	Caret dead-zone before tm-quote-separator (Gecko drops keystrokes)
Memory	current	PROJECT_MEMORY.md	00b2ba4a2717f7eecd0212a7bbdde27d07f9569a2a8d676eae3570070b5f1b6f	0d0de0cd86fe071b5e067f687bfe0faaa8318a0d33aa0961a201359c59fa1dea	Companion/Memory/Current/003-quote-collapse-false-positive-newsletter-links.md	Quote-collapse false positive on newsletter >> links
Memory	current	PROJECT_MEMORY.md	7be4c6ad37239a8c4bd6547f2dfe2bb157cb65bb49922f7fa60840749e447143	4ecf0fb7832ef8fd642d0211390f1283b3c1657d64e7c12fbd556b2b304984db	Companion/Memory/Current/004-quote-collapse-inline-font-boundary.md	Quote collapse swallowed the ENTIRE message on inline <font> boundaries (MailPlug/Zimbra)
Memory	current	PROJECT_MEMORY.md	e39bc6b65ebf6eb35711f1c0250b41c6f40b0ad9c245f830c5ad7c27cbccdb03	bbcb09bf08c000aeb96d75d97d161ec1a84896b314e36f297bc5abb9ecc01ea8	Companion/Memory/Current/005-byok-model-picker-recommended-plus-live.md	BYOK model picker: Recommended (catalog) + All models (from your API key) (live)
Memory	current	PROJECT_MEMORY.md	6b66f32410bdea40102bd852bfd91fae31c72c4476fe3cc7d8fb8b2d1838dbab	5941d8d4c54b2c5e6cfd58e2e517d30d8da5843892ccf87743b4e6b315ef894a	Companion/Memory/Current/006-summary-recipient-status-cc-positive-evidence.md	Summary recipient_status (cc detection, positive evidence)
Memory	current	PROJECT_MEMORY.md	74e897571f7deb16a294de5d59abbe8a96c8a2312bc8fe1c09fabf45fade0f00	b7e5f9d4d14f1a0b4ecee2eddf83d547d9ea1f64370c78c07b595dd34fc3d387	Companion/Memory/Current/007-remove-side-folder-reconcile-phase-1c.md	Remove-side folder reconcile landed (Phase 1c, ADR-021)
Memory	current	PROJECT_MEMORY.md	a6f491d9e51ee053920aa4675a53dc6c91d39a2c2534a37c6af3754c43d57cc1	7c3345ea12f899b4d9e1c4ad53a73f3584774e3c50d7ff70d9096206f3a52dca	Companion/Memory/Current/008-weekly-scan-mass-corrections-add-side-blind-spot.md	Weekly-scan mass corrections (06/29: 352 indexed) = the ADD-side Class-1 date-window blind spot at scale
Memory	current	PROJECT_MEMORY.md	c851dde0dc04ea6650bbbd5c2a061937a36cc66903186e19f6e9f9ead4657519	90555a1c6c42145ed5e7363567395570d8ce0547cf112c924ad886a826cb2aa6	Companion/Memory/Current/009-whatsapp-chatlink-linking-disabled.md	WhatsApp (ChatLink) linking disabled in Settings UI (v1.6.10)
Memory	current	PROJECT_MEMORY.md	86c24322a6e5442c6281620633ea887ccf340098922244ec0e601074fce438d0	9df93da96ee062684dc9b6e0a3da07138a7a3786dd7aee4ce593fcf79f9da7ee	Companion/Memory/Current/010-normalize-unicode-dash-rule-line-start-only.md	normalizeUnicode dash rule is now line-start-only (utils.js)
Memory	current	PROJECT_MEMORY.md	a82af8984d36d7051685db8c19ce928c4d5a606de88d1abc07a3c2598211327e	77f16f9f5d4c66525a9d528e0d4343feec3c81ebe4c744c8be740606d961a97c	Companion/Memory/Current/011-compose-autocomplete-master-toggle-shift-esc.md	Compose autocomplete: master on/off + Shift+Esc kill-switch + Settings section + banner (v1.6.8)
Memory	current	PROJECT_MEMORY.md	fd6592af9088519ea1522a0e53f44336a8194d5cef747812169101de3076f9a5	63b6541de073159e4da9febd54a823dc8a533e4e618db9559b86fe7045f5f91b	Companion/Memory/Current/012-popup-billing-usage-nudge.md	Popup billing/usage nudge (Upgrade to Pro / Set up your API keys) — ADR-019
Memory	current	PROJECT_MEMORY.md	a091756b8f1d8e7cf72315b61c1c9daa671f718fa657678d33a1998c55dd87ef	1a4870edd7bf06dfa00dda7692f4627979d8d825eda6d082e2315254b9db4449	Companion/Memory/Current/013-native-fts-install-prompt-connectnative-gotcha.md	Native FTS install prompt + connectNative availability gotcha
Memory	current	PROJECT_MEMORY.md	3ccac5a980a5117c8c27daa3ccc9fcff04774685026a7090abc1bfa8e5088f4a	125997ec46c2df69769eaa01d27ae6314149ed88ab0acf05db809e1f94a32cc4	Companion/Memory/Current/014-proactive-setup-and-server-toolbar-warnings.md	Proactive setup + server toolbar warnings (issue #12)
Memory	current	PROJECT_MEMORY.md	2f1d307b616c6e14688a57b73fecab9d7b2adb7395228003777dc6056bf2bb82	0a23acfada8ad4a74d5659232b7e4cfd16b67ca8af93445a51fbe666abc211f8	Companion/Memory/Current/015-native-fts-helper-auto-detect-no-restart.md	Native-FTS helper auto-detect: NO Thunderbird restart needed
Memory	current	PROJECT_MEMORY.md	1373ff931cc1f6c6b55dc0deafa838fc0544c66b4183f350d7c5896e9150afb3	df1b00c7b8e467c93bc787fda5c92a469182179c00d67e5927149384c313cb2b	Companion/Memory/Current/016-weekly-scan-corrections-two-gap-classes.md	Weekly-scan corrections diagnosed: two distinct gap classes (not one bug)
Memory	current	PROJECT_MEMORY.md	36f98d4a27bf4417d828cceba79bb3b383d89601ff5a3ea760e5c47b621b09ea	3723869fbe785d4c2941de89303c85a46e769fc33c058facfb9c77589458994e	Companion/Memory/Current/017-eager-module-level-promise-rejection-idbstorage.md	Flaky "Unhandled Rejection: indexedDB is not defined" in full-suite vitest runs (fixed)
Memory	current	PROJECT_MEMORY.md	484672688780f6ce1f3cc5fff51e6f6e06c2065d06cfa59e06bf506ccf288285	ad097370fbcdead4efd30edc37563c76ef4a8b75656ab09d9baf962e3e5e385f	Companion/Memory/Current/018-pmq-infinite-retry-on-deleted-message.md	PMQ processMessage path: infinite retry on a deleted message (fixed)
Memory	current	PROJECT_MEMORY.md	104f3737bd0effb8c8c86a35ff7a7c94fc5dbc14d48bf019d735559b96fe5810	76823b5971171ed994626bc5b188cb30af27c7719bd14caed11ec0bed45fb713	Companion/Memory/Current/019-byok-implemented-thunderbird.md	BYOK (bring-your-own-key) implemented
Memory	current	PROJECT_MEMORY.md	5b0a697bd7da02268e3a0700abbae30998a39b4b34d8b8f2055869e6acb33930	08ec00b0dd87e454b2e009442bc6d090953db8b28c49af7497f9c2cec8031ed4	Companion/Memory/Current/020-compose-caret-insertion-dead-zone-tab-accept.md	Compose caret insertion dead-zone (Tab-accept at end of message)
Memory	current	PROJECT_MEMORY.md	44595bbb65aa6cff9171f39923cfb0c2c3b3f63b76a46a79a09218fed1d14e79	345251658d89eb06f30e3fc03f457c4e09b1d7352d57bdfb77115f65a8f0c51a	Companion/Memory/Current/021-boot-reconcile-watermark-not-fts-newest.md	Boot reconcile bounded by persistent watermark, not FTS-newest date (ADR-016)
Memory	current	PROJECT_MEMORY.md	2f4372a19a8979cb360fbe3247bd2292b14f80a3dca0e4a73237c19a6f37eb07	15c887144be9712b4530d74e744747070e07c20177557666499caf8f861530ce	Companion/Memory/Current/022-cross-instance-imap-tagging.md	Cross-Instance IMAP Tagging — first compute wins, Gmail label fallback (FLAGGED STALE by the 2026-06-18 liveness sweep)
Memory	current	PROJECT_MEMORY.md	ea6f20a066d2282ad5cf491341ccc37a467c34da00d36a71467a7869523f56cc	2c30dfa0c62979be5f2048d90e572382f503d47fb21a7620742223c17eaa90f9	Companion/Memory/Current/023-header-chip-preview-pane.md	Header chip (preview pane) — passive painter, refresh triggers, reuse-branch tooltip rule
Memory	current	PROJECT_MEMORY.md	52498fb5f4c9ba4d3a2a3a823f7e8356e9c42e4797bfd42eb4fe228185994e17	0fb5162af75b6b2563e9e8218a8dae9598d7e3e541dfac20e607454d354057e0	Companion/Memory/Current/024-multi-message-view-chip.md	Multi-message-view chip (collapsed-thread / multi-select summary)
Memory	current	PROJECT_MEMORY.md	496aa56d9859eaf581238550760cdf9c157fe59e15f8f7d3b1c7deb8b7836186	fbc63892d343a555490b38bd421c5d27db79b006f58073266008a26b1bbb42cc	Companion/Memory/Current/025-action-state-is-mork-prop-only.md	Action state is mork-prop-only (Phase 0 onwards)
Memory	current	PROJECT_MEMORY.md	e97efc05affab5667e98edd50b3a1ece94308f5d109c9009d988e9e07ba97d82	5e7cf3e10071aeac96df1429f80e823bab154490e1574cddbb4c8578c1f2ce34	Companion/Memory/Current/026-tagsort-save-restore-selection-around-sort.md	tagSort: must save/restore selection around view.sort()
Memory	current	PROJECT_MEMORY.md	51c5dfe910b41fbd29421f8ad81b027e909984cdf0bd80d1fc42ecfffa55c486	c330eea3faef5b4c2cecc35ed067baf47a5f6dd98cd85679331efb83e1590f89	Companion/Memory/Current/027-experiment-api-inventory-upstream-candidacy.md	Experiment API Inventory (24 APIs) + Upstream Candidacy (Tier A/B/C)
Memory	current	PROJECT_MEMORY.md	167440f9b04f29b1d2e14d0771ecd9628baef6f7edc35576b3fdf04737af6f2a	a4e655401b01e85653e83eccfcae30851fdcae8266a9f6706f030c1b65d68835	Companion/Memory/Current/028-experiment-liveness-sweep-verdicts-2026-06-18.md	Liveness sweep verdicts (2026-06-18, evidence-backed)
Memory	current	PROJECT_MEMORY.md		cf778f76be4e42c032e2e1d04562120674797ea6c28aa42ad8143d73f13c7bec	Companion/Memory/Current/030-calendar-de-xpcom-cal-namespace.md	Calendar services come from the `cal` namespace, never an XPCOM contract
